DATE,TIME,HOME TEAM,AWAY TEAM,HOME PER,DRAW PER,AWAY PER,UNDER 2.5,OVER 2.5,BTS,OTS,NAME
16/11/2025,0:00,Estudiantes Río Cuarto,Estudiantes BsAs,25,45,29,68,32,51,49,Forebet
16/11/2025,0:00,Atlante FC,Tepatitlán de Morelos,48,35,17,57,43,49,51,Forebet
16/11/2025,0:00,SV Robinhood,SV Notch,36,49,15,41,59,83,17,Forebet
16/11/2025,0:00,UA Zacatecas,Tigres de Álica,36,19,45,20,80,62,38,Forebet
16/11/2025,0:00,Sporting Canamy,Zacatepec,30,28,42,48,52,57,43,Forebet
16/11/2025,16/11/2025,La Horquetta Rangers,Club Sando,17,27,56,51,49,38,62,Forebet
16/11/2025,0:00,Centro Barber,Atlétiko Saliña,69,16,15,60,40,23,77,Forebet
16/11/2025,0:15,Alianza FC (PAN),San Francisco FC,25,36,39,60,40,42,58,Forebet
16/11/2025,0:20,Patriotas Boyacá,Boca Juniors Cali,39,32,29,55,45,39,61,Forebet
16/11/2025,0:30,Pittsburgh Riverhounds,Rhode Island,42,31,28,80,20,30,70,Forebet
16/11/2025,1:00,Santos,Palmeiras,27,21,52,50,50,49,51,Forebet
16/11/2025,1:00,Palmeiras W,Taubaté W,74,14,12,50,50,49,51,Forebet
16/11/2025,1:30,Independiente,Rosario Central,22,27,51,50,50,44,56,Forebet
16/11/2025,2:00,CD Irapuato,Zacatecas,23,53,24,45,55,72,28,Forebet
16/11/2025,2:00,CD Walter Ferretti,Jalapa ART,38,35,26,51,49,49,51,Forebet
16/11/2025,2:00,Celaya FC,Montaneses,43,25,32,70,30,49,51,Forebet
16/11/2025,2:00,Gavilanes FC Matamoros,Cordobés,43,30,28,77,23,36,64,Forebet
16/11/2025,2:15,UNDEBA,Centro Dominguito,23,49,28,56,44,51,49,Forebet
16/11/2025,2:30,FC Tulsa,New Mexico United,31,37,32,55,45,60,40,Forebet
16/11/2025,3:00,CD Marquense,Deportivo Mixco,40,21,39,72,28,35,65,Forebet
16/11/2025,3:00,Cafetaleros Tapachula,Cañoneros Marina,60,10,30,3,97,49,51,Forebet
16/11/2025,3:00,Racing Porto Palmeiras,Pioneros de Cancún,61,14,25,42,58,68,32,Forebet
16/11/2025,3:00,Calor de San Pedro,Real Apodaca,28,29,43,45,55,76,24,Forebet
16/11/2025,3:00,Broadmeadow,Sydney Olympic,42,14,44,30,70,85,15,Forebet
16/11/2025,3:00,N.E. MetroStars,Sydney United,70,14,15,33,67,70,30,Forebet
16/11/2025,3:00,South Hobart,Heidelberg United,10,22,69,7,93,96,4,Forebet
16/11/2025,4:00,Los Cabos United,Tritones Vallarta,43,38,19,55,45,49,51,Forebet
16/11/2025,4:00,Wellington Phoenix W,Newcastle Jets W,23,21,56,32,68,68,32,Forebet
16/11/2025,5:00,Alacranes Durango,Cimarrones Sonora,25,31,44,32,68,78,22,Forebet
16/11/2025,5:00,Grulla Morioka,Criacao Shinjuku,45,42,13,45,55,49,51,Forebet
16/11/2025,5:00,Briobecca Urayasu,MIO Biwako Kusatsu,26,38,36,38,62,65,35,Forebet
16/11/2025,5:00,Okinawa SV,TIAMO Hirakata,27,37,35,33,67,73,27,Forebet
16/11/2025,5:00,Reinmeer Aomori FC,Verspah Oita,41,32,27,40,60,62,38,Forebet
16/11/2025,5:00,Suzuka Unlimited,YSCC,47,30,22,32,68,59,41,Forebet
16/11/2025,5:00,Honda Lock SC,Honda FC,14,29,56,45,55,63,37,Forebet
16/11/2025,5:10,Machida Zelvia,FC Tokyo,38,36,26,71,29,41,59,Forebet
16/11/2025,6:00,Matsumoto Yamaga,FC Osaka,24,26,50,58,42,41,59,Forebet
16/11/2025,6:00,Fukushima United,Nara Club,30,47,23,52,48,61,39,Forebet
16/11/2025,6:00,Sagamihara,Ryukyu,42,35,23,50,50,41,59,Forebet
16/11/2025,6:00,Zweigen Kanazawa,Tochigi SC,33,35,32,57,43,53,47,Forebet
16/11/2025,6:00,Azul Claro Numazu,Thespakusatsu,29,36,34,53,47,52,48,Forebet
16/11/2025,6:00,Gainare Tottori,Giravanz K.,26,28,45,32,68,57,43,Forebet
16/11/2025,6:00,Kamatamare Sanuki,Kagoshima United,20,21,58,42,58,62,38,Forebet
16/11/2025,6:00,Brisbane Roar W,WS Wanderers W,73,11,16,36,64,68,32,Forebet
16/11/2025,6:30,3 Sing,WSE,24,22,53,30,70,81,19,Forebet
16/11/2025,6:30,Yuen Long,Lucky Mile,41,30,29,55,45,38,62,Forebet
16/11/2025,6:30,Central & Western,Tung Sing FC,32,29,39,68,32,45,55,Forebet
16/11/2025,6:30,Hoi King,South China AA,23,31,45,37,63,85,15,Forebet
16/11/2025,6:30,APIA Tigers,Bayswater City,32,24,44,63,37,49,51,Forebet
16/11/2025,6:30,Canberra FC,NWS Spirit,32,25,44,33,67,79,21,Forebet
16/11/2025,7:05,Vissel Kobe,Sanfrecce,27,43,30,53,47,36,64,Forebet
16/11/2025,8:30,Supreme,Resources Capital,32,34,33,66,34,71,29,Forebet
16/11/2025,8:30,Kwun Tong FA,Sham Shui Po SA,28,29,43,70,30,43,57,Forebet
16/11/2025,8:30,Shatin SA,Citizen AA,55,27,18,31,69,67,33,Forebet
16/11/2025,9:30,Marines Eureka,Pattaya City,26,27,47,72,28,45,55,Forebet
16/11/2025,9:30,Royal Thai Fleet,Saimit Kabin United,30,29,41,47,53,57,43,Forebet
16/11/2025,9:30,Roi Et United,Khonkaen Mordindang FC,53,20,26,35,65,63,37,Forebet
16/11/2025,9:30,Futera United,Saraburi United,39,32,29,77,23,33,67,Forebet
16/11/2025,9:30,North Bangkok University,Ang Thong,30,39,31,40,60,76,24,Forebet
16/11/2025,9:30,Chamchuri United,Royal Thai Air Force,31,33,36,25,75,77,23,Forebet
16/11/2025,9:30,Hua Hin City,Samut Songkhram City,25,17,58,5,95,83,17,Forebet
16/11/2025,9:30,Assumption United,STK Muangnont FC,33,30,37,62,38,47,53,Forebet
16/11/2025,9:30,Chattrakarn City,Khelang United,31,21,49,63,37,39,61,Forebet
16/11/2025,9:45,FC Mauerwerk,FC 1980 Wien,24,29,47,56,44,50,50,Forebet
16/11/2025,10:00,Sagaing United,Shan United,13,26,61,25,75,87,13,Forebet
16/11/2025,10:00,CS Stefanesti,Urban Titu,37,41,22,30,70,87,13,Forebet
16/11/2025,10:00,Unirea Alba Iulia W,Atletic Olimpia Gherla W,39,23,37,10,90,73,27,Forebet
16/11/2025,10:15,Bohemians 1905 B,Loko Vltavin,39,19,42,47,53,66,34,Forebet
16/11/2025,10:15,Sigma Olomouc B,1. FC Brno B,34,35,32,29,71,84,16,Forebet
16/11/2025,10:30,Chernihiv,Probiy Horodenka,21,30,49,75,25,30,70,Forebet
16/11/2025,10:30,Petrzalka,Slovan Bratislava Youth,50,32,18,14,86,66,34,Forebet
16/11/2025,10:30,Viktoria Plzen B,FC Pisek,51,18,31,36,64,73,27,Forebet
16/11/2025,10:30,Udon United,Ubon Kruanapat,51,23,26,49,51,49,51,Forebet
16/11/2025,10:45,HEBC,TuS Dassendorf,21,23,56,31,69,78,22,Forebet
16/11/2025,11:00,Sokol Saratov,Fakel Voronezh,26,22,52,66,34,32,68,Forebet
16/11/2025,11:00,Mus Menderesspor,Içel Idman Yurdu,39,32,29,62,38,48,52,Forebet
16/11/2025,11:00,Kahramanmaraş İstiklalsp,Belediye Derincespor,36,33,32,80,20,49,51,Forebet
16/11/2025,11:00,CE Carroi,Esperança dAndorra,27,48,25,77,23,17,83,Forebet
16/11/2025,11:00,Slavia TU Kosice,STK Samorin,25,20,55,30,70,78,22,Forebet
16/11/2025,11:00,Anadolu Üniv.,Nazilli Belediyespor,46,31,23,75,25,28,72,Forebet
16/11/2025,11:00,Efeler 09 Spor,Bornova FK,42,33,25,65,35,42,58,Forebet
16/11/2025,11:00,Antalya Kestelspor,Altay SK Izmir,36,35,29,75,25,26,74,Forebet
16/11/2025,11:00,Bulancakspor,Yozgat Bld Bozokspor,33,31,36,70,30,46,54,Forebet
16/11/2025,11:00,Yeni Amasyaspor,Sebat Gençlik,26,29,45,72,28,44,56,Forebet
16/11/2025,11:00,Çayelispor,Orduspor 1967,33,35,32,72,28,31,69,Forebet
16/11/2025,11:00,Customs United,Siam Navy,22,23,55,47,53,58,42,Forebet
16/11/2025,11:00,Surin City,Suranaree Black Cat,55,27,19,34,66,57,43,Forebet
16/11/2025,11:00,Chiangrai City,Nakhon Mae Sot,33,43,24,59,41,51,49,Forebet
16/11/2025,11:00,Meppen W,Viktoria Berlin W,37,33,31,57,43,49,51,Forebet
16/11/2025,11:00,Aluminij W,Žalec Trbovlje W,66,18,16,1,99,63,37,Forebet
16/11/2025,11:00,Legnica U19,Lechia Gdańsk U19,70,16,14,35,65,79,21,Forebet
16/11/2025,11:00,Lech Poznan U19,Gornik Z. U19,30,32,38,19,81,94,6,Forebet
16/11/2025,11:00,Farul Constanţa W,SSU Poli Timişoara W,51,24,26,43,57,71,29,Forebet
16/11/2025,11:00,Vasas Femina W,Ol. Cluj W,14,16,71,13,87,77,23,Forebet
16/11/2025,11:00,Kulykiv,Bukovyna II,36,30,34,30,70,76,24,Forebet
16/11/2025,11:00,Vilkhivtsi,FK Lisne,20,22,58,27,73,79,21,Forebet
16/11/2025,11:00,FK Livyi Bereh II,Penuel,60,28,12,65,35,43,57,Forebet
16/11/2025,11:00,SC Chaika,Chernomorets-2,50,39,11,17,83,69,31,Forebet
16/11/2025,11:00,Dinaz Vyshhorod,FK Trostyanets,20,25,55,35,65,61,39,Forebet
16/11/2025,11:30,Prykarpattya,Viktoriya Mykolaivka,50,28,22,51,49,46,54,Forebet
16/11/2025,11:30,CD Ibiza-Islas,Reddis,35,26,39,83,17,35,65,Forebet
16/11/2025,11:30,CDU Malacitano,Real Jaén,28,41,31,85,15,51,49,Forebet
16/11/2025,11:30,Sporting Gijon B,CD Llanes,39,33,28,32,68,76,24,Forebet
16/11/2025,11:30,SD Revilla,UM Escobedo,23,17,60,46,54,62,38,Forebet
16/11/2025,11:30,Portugalete,UD Aretxabaleta,49,28,23,50,50,71,29,Forebet
16/11/2025,11:30,Athletic Torrellano,Vall de Uxó,36,41,23,45,55,67,33,Forebet
16/11/2025,11:30,RCD Carabanchel,Alcorcón B,45,33,21,60,40,33,67,Forebet
16/11/2025,11:30,Arenas de Armilla,UD Melilla II,35,36,30,85,15,25,75,Forebet
16/11/2025,11:30,Santomera,Águilas II,31,24,45,70,30,32,68,Forebet
16/11/2025,11:30,NK Gaj,Inker,27,28,45,70,30,45,55,Forebet
16/11/2025,11:45,Nyva Vinnytsya,Skala Stryi,29,27,44,47,53,72,28,Forebet
16/11/2025,11:45,CD Móstoles URJC,AD Parla,55,29,16,64,36,38,62,Forebet
16/11/2025,12:00,FC Felgueiras,SC Farense,28,34,37,80,20,37,63,Forebet
16/11/2025,12:00,FK Ufa,Arsenal Tula,28,42,31,60,40,55,45,Forebet
16/11/2025,12:00,Tusker FC,Kenya Police FC,23,46,31,69,31,51,49,Forebet
16/11/2025,12:00,Uni Minsk,FK Slonim,69,17,13,32,68,63,37,Forebet
16/11/2025,12:00,Bumprom,BATE II,38,34,28,47,53,69,31,Forebet
16/11/2025,12:00,Adanaspor,Yeni Malatyaspor,49,19,32,36,64,51,49,Forebet
16/11/2025,12:00,Kırklarelispor,Somaspor,39,34,27,85,15,28,72,Forebet
16/11/2025,12:00,68 Aksaray Bld.,Mardin BB,31,29,40,62,38,49,51,Forebet
16/11/2025,12:00,Menemen Bld,Ankara Demirspor,38,31,30,50,50,65,35,Forebet
16/11/2025,12:00,Real Valladolid B,Marino de Luanco,32,49,20,67,33,51,49,Forebet
16/11/2025,12:00,SD Ejea,Utebo,31,28,41,37,63,76,24,Forebet
16/11/2025,12:00,Porreres,CD Castellón B,33,35,32,67,33,53,47,Forebet
16/11/2025,12:00,Girona B,UD Barbastro,40,33,27,92,8,27,73,Forebet
16/11/2025,12:00,Poblense,Valencia Mestalla,41,35,24,67,33,44,56,Forebet
16/11/2025,12:00,Torrent CF,Atlético Baleares,23,33,43,55,45,47,53,Forebet
16/11/2025,12:00,Śląsk Wrocław II,GKS Jastrzebie,53,27,20,40,60,62,38,Forebet
16/11/2025,12:00,NKP Podhale,Podbeskidzie,39,34,28,68,32,40,60,Forebet
16/11/2025,12:00,SC Lusitânia,CD Fátima,47,12,41,57,43,37,63,Forebet
16/11/2025,12:00,Ellas Syros,Kissamikos,28,55,18,65,35,51,49,Forebet
16/11/2025,12:00,Pamplemousses,Petite Rivière Noire,36,27,37,58,42,38,62,Forebet
16/11/2025,12:00,ASVP,Beau Bassin,44,29,27,77,23,20,80,Forebet
16/11/2025,12:00,La Cure Waves,ASPL 2000,57,18,26,50,50,60,40,Forebet
16/11/2025,12:00,Ranong United,Satun,15,35,50,69,31,32,68,Forebet
16/11/2025,12:00,Phichit United,Phitsanulok FC,34,36,30,82,18,54,46,Forebet
16/11/2025,12:00,Song Lam Nghe An,Da Nang FC,40,35,25,57,43,46,54,Forebet
16/11/2025,12:00,Damash Gilan,Shenavarsazi Qeshm,36,39,26,67,33,21,79,Forebet
16/11/2025,12:00,CF Fuenlabrada,Navalcarnero,33,49,18,62,38,50,50,Forebet
16/11/2025,12:00,UD Socuéllamos,S.S. Reyes,27,18,55,40,60,50,50,Forebet
16/11/2025,12:00,Rayo Majadahonda,Real Madrid C,44,33,23,45,55,58,42,Forebet
16/11/2025,12:00,Viveiro CF,Montaneros CF,29,37,34,75,25,30,70,Forebet
16/11/2025,12:00,Unión Ceares,CD Covadonga,23,26,50,54,46,49,51,Forebet
16/11/2025,12:00,CD Colunga,UD Llanera,20,29,51,46,54,64,36,Forebet
16/11/2025,12:00,Navarro (ESP),CD Praviano,23,30,47,62,38,41,59,Forebet
16/11/2025,12:00,Gimnastica T.,Vimenor,44,31,25,32,68,72,28,Forebet
16/11/2025,12:00,CP San Cristóbal,L'Escala,36,29,35,30,70,70,30,Forebet
16/11/2025,12:00,Montañesa,Tona,24,46,30,56,44,51,49,Forebet
16/11/2025,12:00,Cerdanyola del Vallès,FE Grama,13,49,37,38,62,65,35,Forebet
16/11/2025,12:00,CF Peralada,Europa II,46,39,15,42,58,59,41,Forebet
16/11/2025,12:00,Mollerussa,Vilassar de Mar,40,36,24,52,48,46,54,Forebet
16/11/2025,12:00,Unión Adarve,Pozuelo de Alarcón,32,42,26,56,44,56,44,Forebet
16/11/2025,12:00,Las Rozas,CD Leganés B,32,35,33,31,69,85,15,Forebet
16/11/2025,12:00,Atlético Mancha,Martos CD,51,30,19,50,50,36,64,Forebet
16/11/2025,12:00,UD Torre del Mar,UDC Torredonjimeno,36,47,17,51,49,59,41,Forebet
16/11/2025,12:00,Cádiz CF B,CD Pozoblanco,34,39,27,35,65,75,25,Forebet
16/11/2025,12:00,Chiclana,Córdoba CF B,27,34,40,67,33,42,58,Forebet
16/11/2025,12:00,Dos Hermanas CF,San Roque de Lepe,32,40,29,75,25,51,49,Forebet
16/11/2025,12:00,UD Tomares,Sevilla FC C,44,34,21,42,58,51,49,Forebet
16/11/2025,12:00,CD Utrera,Castilleja CF,59,27,13,35,65,51,49,Forebet
16/11/2025,12:00,SD Formentera,Peña Deportiva,21,34,45,57,43,49,51,Forebet
16/11/2025,12:00,RCD Mallorca B,Rotlet Molinar,83,14,3,7,93,49,51,Forebet
16/11/2025,12:00,Calamonte,Villafranca,29,28,43,44,56,50,50,Forebet
16/11/2025,12:00,CF Villanovense,Atlético Pueblonuevo,85,10,5,47,53,38,62,Forebet
16/11/2025,12:00,Comillas CF,La Calzada,28,39,32,57,43,51,49,Forebet
16/11/2025,12:00,CD Anguiano,UD Logroñés B,21,54,25,53,47,61,39,Forebet
16/11/2025,12:00,UD Casetas,Cariñena,25,41,34,87,13,19,81,Forebet
16/11/2025,12:00,Robres,Andorra CF,34,41,24,55,45,51,49,Forebet
16/11/2025,12:00,CF Illueca,Cuarte Industrial,17,42,40,55,45,51,49,Forebet
16/11/2025,12:00,CD Azuqueca,Calvo Sotelo,16,43,41,51,49,54,46,Forebet
16/11/2025,12:00,Cazalegas,CD Manchego,12,30,58,37,63,59,41,Forebet
16/11/2025,12:00,CD Toledo,Villarrobledo,57,29,14,49,51,45,55,Forebet
16/11/2025,12:00,Alcorcón,Atlético Madrid B,21,33,45,55,45,45,55,Forebet
16/11/2025,12:00,Juventud Torremolinos,Algeciras CF,37,34,29,70,30,37,63,Forebet
16/11/2025,12:00,Real Murcia,CD Teruel,29,34,37,73,27,31,69,Forebet
16/11/2025,12:00,Antequera CF,Sevilla Atletico,25,60,15,50,50,50,50,Forebet
16/11/2025,12:00,TuS Makkabi Berlin,Optik Rathenow,45,31,23,53,47,49,51,Forebet
16/11/2025,12:00,Real Sociedad W,Athletic Club W,42,36,22,73,27,41,59,Forebet
16/11/2025,12:00,HASK Zagreb,NK Samobor,27,17,56,39,61,72,28,Forebet
16/11/2025,12:00,Alania Vladikavkaz,FK Leningradets,29,28,43,52,48,39,61,Forebet
16/11/2025,12:00,Dynamo-2 Moscow,Sibir Novosibirsk,36,27,37,50,50,50,50,Forebet
16/11/2025,12:00,Dinamo Kirov,Volgar Astrakhan,21,47,32,77,23,51,49,Forebet
16/11/2025,12:00,FK Tyumen,Tekstilshchik Iv.,23,19,59,38,62,66,34,Forebet
16/11/2025,12:00,FK Veles Moscow,Mashuk-KMV,26,45,29,54,46,55,45,Forebet
16/11/2025,12:00,Lefkimmi,Asteras Stavros,34,35,31,48,52,66,34,Forebet
16/11/2025,12:15,Azuaga,Santa Amalia,42,31,27,47,53,57,43,Forebet
16/11/2025,12:15,CD Binéfar,Calamocha,28,27,45,59,41,47,53,Forebet
16/11/2025,12:30,Yarud Mariupol,Vorskla,23,31,46,52,48,34,66,Forebet
16/11/2025,12:30,Benevento Calcio,Monopoli,36,30,34,56,44,48,52,Forebet
16/11/2025,12:30,Ospitaletto,Union Brescia,29,27,44,77,23,38,62,Forebet
16/11/2025,12:30,Silva SD,Celta de Vigo III,21,28,51,47,53,38,62,Forebet
16/11/2025,12:30,Can Vidalet,CE L'Hospitalet,25,31,44,65,35,42,58,Forebet
16/11/2025,12:30,CD El Palo,CD Alhaurino,39,33,29,27,73,58,42,Forebet
16/11/2025,12:30,Churriana de la Vega,CD Huétor Tájar,43,28,30,80,20,33,67,Forebet
16/11/2025,12:30,Cabeza del Buey,CD Badajoz,32,38,31,78,22,51,49,Forebet
16/11/2025,12:30,Jerez CF,Llerenense,41,42,18,54,46,51,49,Forebet
16/11/2025,12:30,Napoli W,Inter Milano W,23,43,33,37,63,81,19,Forebet
16/11/2025,13:00,Falu BS,Gefle IF,33,35,32,100,0,50,50,Forebet
16/11/2025,13:00,FK Chelyabinsk,KAMAZ Naberezhnye Chelny,36,39,26,60,40,56,44,Forebet
16/11/2025,13:00,Næstved BK,VSK Aarhus,57,31,12,30,70,65,35,Forebet
16/11/2025,13:00,Isparta Davrazspor,Aliağa FK,35,29,36,72,28,49,51,Forebet
16/11/2025,13:00,Rekord Bielsko-Biala,Chojniczanka,23,36,41,47,53,63,37,Forebet
16/11/2025,13:00,Zvijezda 09,BSK Banja Luka,26,32,42,62,38,47,53,Forebet
16/11/2025,13:00,Omarska,Nevesinje,40,21,39,52,48,40,60,Forebet
16/11/2025,13:00,FK Vlasenica,Romanija Pale,25,45,30,85,15,20,80,Forebet
16/11/2025,13:00,Dukla Praha B,Motorlet Praha,47,22,31,48,52,56,44,Forebet
16/11/2025,13:00,West Ham W,Everton LFC W,30,37,33,56,44,51,49,Forebet
16/11/2025,13:00,Liverpool W,Chelsea W,9,25,66,43,57,49,51,Forebet
16/11/2025,13:00,Brighton W,Leicester City W,39,42,19,50,50,51,49,Forebet
16/11/2025,13:00,Aston Villa W,London City Lionesses W,34,34,32,73,27,38,62,Forebet
16/11/2025,13:00,Asteras Tripolis II,Iraklis Salonica,23,42,35,40,60,71,29,Forebet
16/11/2025,13:00,Edirnespor,1926 Polatlı Belediye,45,12,43,52,48,34,66,Forebet
16/11/2025,13:00,Yalova Yeşilovaspor,Nilüfer Belediye,55,28,18,47,53,59,41,Forebet
16/11/2025,13:00,Bursa Yıldırımspor,Çorluspor 1947,21,17,62,37,63,49,51,Forebet
16/11/2025,13:00,Hamburger SV II,Hannoverscher SC,28,30,42,43,57,63,37,Forebet
16/11/2025,13:00,Darajani Gogo,Mwatate United,48,41,11,57,43,32,68,Forebet
16/11/2025,13:00,Kabati Youth FC,MCF,29,36,35,80,20,22,78,Forebet
16/11/2025,13:00,Luanda Villa,3K,17,48,36,65,35,51,49,Forebet
16/11/2025,13:00,Soy United,Kibera Black Stars,25,16,58,48,52,51,49,Forebet
16/11/2025,13:00,Vihiga United,FC Talanta,13,55,32,82,18,13,87,Forebet
16/11/2025,13:00,Kedus Giorgis,Ethiopian Medhin,23,46,31,59,41,37,63,Forebet
16/11/2025,13:00,CD Tenerife B,Colonia Moscardó,46,29,25,43,57,55,45,Forebet
16/11/2025,13:00,Las Palmas Atlético,Getafe B,24,31,45,55,45,49,51,Forebet
16/11/2025,13:00,SD Tenisca,CD Mensajero,22,38,40,34,66,71,29,Forebet
16/11/2025,13:00,UD Lanzarote,UD Las Palmas C,39,32,29,42,58,88,12,Forebet
16/11/2025,13:00,Türkiye Wilhelmsburg,USC Paloma,28,25,47,30,70,88,12,Forebet
16/11/2025,13:00,Turbine Potsdam W,SGS Essen W,41,28,31,42,58,56,44,Forebet
16/11/2025,13:00,SC Sand W,Köln W,38,34,28,29,71,58,42,Forebet
16/11/2025,13:00,KoldingQ W,Brondby W,17,31,52,36,64,85,15,Forebet
16/11/2025,13:00,Pogoń Nowe Skalmierzyce,Polonia Środa Wlkp.,19,29,52,49,51,49,51,Forebet
16/11/2025,13:00,Kluczevia Stargard,Luzino,32,31,36,70,30,49,51,Forebet
16/11/2025,13:00,Stal Jasień,Sparta Katowice,24,28,48,100,0,2,98,Forebet
16/11/2025,13:00,Sparta KW,KSZO Ostrowiec,26,28,47,67,33,47,53,Forebet
16/11/2025,13:00,Zeleznicar Inđija,OFK Vrbas,51,30,19,32,68,72,28,Forebet
16/11/2025,13:00,Brzi Brod,FK Vlasina,36,35,29,19,81,93,7,Forebet
16/11/2025,13:00,Pruszkow U19,Wisla U19,27,26,47,45,55,59,41,Forebet
16/11/2025,13:00,Csikszereda MC W,Gloria Bistrița-Năsăud W,61,24,15,43,57,67,33,Forebet
16/11/2025,13:15,Sebaldsbruck,Leher Turnerschaft,35,32,33,82,18,47,53,Forebet
16/11/2025,13:15,ADO Den Haag W,SC Telstar W,43,37,20,37,63,51,49,Forebet
16/11/2025,13:30,Lokomotiv Gorna O.,Spartak Pleven,51,34,14,54,46,39,61,Forebet
16/11/2025,13:30,Minyor Pernik,Vihren Sandanski,40,31,29,61,39,43,57,Forebet
16/11/2025,13:30,Svoge,Chernomorets 1919,34,44,22,54,46,50,50,Forebet
16/11/2025,13:30,FC Sevlievo,Pirin Blagoevgrad,31,34,36,62,38,39,61,Forebet
16/11/2025,13:30,Marek,Hebar Pazardzhik,19,33,48,47,53,59,41,Forebet
16/11/2025,13:30,Niva Ternopil,Chernomorets Od,18,36,45,53,47,48,52,Forebet
16/11/2025,13:30,NK Vitez,Budućnost Banovići,38,33,29,44,56,59,41,Forebet
16/11/2025,13:30,Jedinstvo Bihac,Bratstvo Gracanica,38,43,19,60,40,51,49,Forebet
16/11/2025,13:30,Radnik Hadzici,NK Travnik,22,31,47,71,29,42,58,Forebet
16/11/2025,13:30,FK Tuzla City,NK Tomislav,29,31,40,40,60,55,45,Forebet
16/11/2025,13:30,TOSK Tesanj,Sloboda Tuzla,47,22,31,67,33,46,54,Forebet
16/11/2025,13:30,Stupcanica,Igman Konjic,46,28,26,77,23,43,57,Forebet
16/11/2025,13:30,Sokol Brozany,Slovan Liberec B,31,41,29,36,64,64,36,Forebet
16/11/2025,13:30,SK Zápy,FK Jablonec B,38,27,35,37,63,84,16,Forebet
16/11/2025,13:30,FK Varnsdorf,Banik Most - Sous,33,27,41,53,47,44,56,Forebet
16/11/2025,13:30,Taborsko B,Admira Praha,25,23,52,36,64,65,35,Forebet
16/11/2025,13:30,Sama,Amman,29,19,52,43,57,70,30,Forebet
16/11/2025,13:30,Dynamo Schwerin,Croatia Berlin,43,30,27,75,25,44,56,Forebet
16/11/2025,13:30,Tennis Borussia Berlin,Hansa Rostock II,41,26,33,39,61,75,25,Forebet
16/11/2025,13:30,Tasmania Berlin,Sparta Lichtenberg,45,17,38,1,99,97,3,Forebet
16/11/2025,13:30,Einheit Wernigerode,1. FC Lok Stendal,39,28,33,60,40,47,53,Forebet
16/11/2025,13:30,Eiche Horn,Hemelingen,25,37,38,22,78,93,7,Forebet
16/11/2025,13:30,Lokomotiv Plovdiv II,Rodopa Smolyan,38,27,35,45,55,60,40,Forebet
16/11/2025,13:30,Međimurec Pretetinec,Podravina Ludbreg,37,38,25,65,35,57,43,Forebet
16/11/2025,13:30,Kamen Ivanbegovina,Neretva Metković,20,15,66,37,63,55,45,Forebet
16/11/2025,13:30,Milevsko,FK Komarov,31,33,36,55,45,49,51,Forebet
16/11/2025,13:30,Jiskra Domažlice II,Povltavska FA,27,32,41,72,28,49,51,Forebet
16/11/2025,13:30,Nika Lepusnica,Zvezdara,31,36,32,57,43,51,49,Forebet
16/11/2025,13:30,Jedinstvo Su,Radnicki Beograd,52,37,11,52,48,39,61,Forebet
16/11/2025,13:30,O. Ljubljana W,ŽNK Ljubljana W,26,13,60,1,99,99,1,Forebet
16/11/2025,13:30,Primorje W,ŽN Maribor W,64,11,25,1,99,98,2,Forebet
16/11/2025,13:30,ŽNK Mura W,Krim W,63,16,21,1,99,88,12,Forebet
16/11/2025,13:50,Al Ahli Dubai,Al Nasr Dubai,45,35,20,54,46,34,66,Forebet
16/11/2025,14:00,AD Ceuta,Leganes,35,37,28,87,13,28,72,Forebet
16/11/2025,14:00,AFC Leopards,Murang'a SEAL,47,37,16,62,38,43,57,Forebet
16/11/2025,14:00,FK Kom,FK Grbalj,33,27,40,56,44,49,51,Forebet
16/11/2025,14:00,Iskra Danilovgrad,FK Otrant,21,32,47,48,52,65,35,Forebet
16/11/2025,14:00,FK Lovcen,FK Berane,39,31,30,59,41,35,65,Forebet
16/11/2025,14:00,OFK Igalo,Rudar Pljevlja,22,25,53,45,55,49,51,Forebet
16/11/2025,14:00,FK Podgorica,Internacional Podgorica,44,41,16,42,58,51,49,Forebet
16/11/2025,14:00,Polanka nad Odrou,Hlucin,26,29,45,52,48,44,56,Forebet
16/11/2025,14:00,Panargiakos,Ilioupoli,31,40,29,52,48,51,49,Forebet
16/11/2025,14:00,PAOK Salonica B,Niki Volos,29,33,38,57,43,49,51,Forebet
16/11/2025,14:00,Kallithea FC,Egaleo AO Athens,32,46,22,70,30,51,49,Forebet
16/11/2025,14:00,PAS Giannina,Nestos Chrisoupolis,35,27,38,73,27,22,78,Forebet
16/11/2025,14:00,Kavala FC,Kampaniakos Chalastra,44,29,27,49,51,51,49,Forebet
16/11/2025,14:00,Altona 93,SSV Jeddeloh,18,21,61,37,63,75,25,Forebet
16/11/2025,14:00,FC St. Pauli II,Bremer SV,25,27,48,40,60,60,40,Forebet
16/11/2025,14:00,Jalor City FC,Phuket FC,51,25,24,38,62,74,26,Forebet
16/11/2025,14:00,CD Atlético Paso,Tenerife III,32,35,33,72,28,61,39,Forebet
16/11/2025,14:00,SC Freiburg II,Mainz II,31,33,36,34,66,71,29,Forebet
16/11/2025,14:00,Astoria Walldorf,TSG Balingen,56,20,24,1,99,82,18,Forebet
16/11/2025,14:00,VfR Neumünster,Rotenhof,58,25,17,40,60,73,27,Forebet
16/11/2025,14:00,Phönix Lübeck II,Todesfelde,14,22,65,10,90,93,7,Forebet
16/11/2025,14:00,Niendorfer TSV,Halstenbek-Rellingen,58,28,15,41,59,73,27,Forebet
16/11/2025,14:00,Buchholz,ETSV Hamburg,26,18,56,1,99,99,1,Forebet
16/11/2025,14:00,Lüneburger SK,VfV 06 Hildesheim,29,27,44,40,60,71,29,Forebet
16/11/2025,14:00,Verden 04,Germania Egestorf,30,25,46,27,73,89,11,Forebet
16/11/2025,14:00,USI Lupo-Martini,E. Braunschweig II,36,22,42,28,72,68,32,Forebet
16/11/2025,14:00,Ingolstadt W,Bayern Munich W,16,19,65,20,80,40,60,Forebet
16/11/2025,14:00,Hoffenheim W,Eintracht Frankfurt W,34,31,35,42,58,52,48,Forebet
16/11/2025,14:00,ASG Nocerina,Sarrabus Ogliastra,36,33,31,35,65,72,28,Forebet
16/11/2025,14:00,ADO '20,TEC VV,36,19,45,35,65,60,40,Forebet
16/11/2025,14:00,TOGB,RBC Roosendal,32,37,31,58,42,61,39,Forebet
16/11/2025,14:00,FC Wolfurt,Rotenberg,52,25,23,38,62,80,20,Forebet
16/11/2025,14:00,Jennersdorf,Mattersburg 2020,15,7,78,45,55,61,39,Forebet
16/11/2025,14:00,NK Bistra,NK Vrapce,24,26,50,38,62,68,32,Forebet
16/11/2025,14:00,Radnički Dalj,Bedem Ivankovo,60,25,14,45,55,57,43,Forebet
16/11/2025,14:00,Cepin,NK Marsonia 1909,13,33,54,70,30,44,56,Forebet
16/11/2025,14:00,Kutjevo,Valpovka,48,38,14,32,68,68,32,Forebet
16/11/2025,14:00,Tomislav Cerna,Svacic,42,27,31,48,52,60,40,Forebet
16/11/2025,14:00,Esbjerg W,NIF / HG W,48,13,39,23,77,68,32,Forebet
16/11/2025,14:00,Iraklis Therm.,Panthrakikos,36,33,31,70,30,49,51,Forebet
16/11/2025,14:00,SKODA Xanthi,Doxa Drama,34,35,31,60,40,69,31,Forebet
16/11/2025,14:00,Thermaikos,Aetos Orfani,32,37,31,73,27,51,49,Forebet
16/11/2025,14:00,PAOK Dytiko,Poseidon Nea Michaniona,26,38,36,67,33,32,68,Forebet
16/11/2025,14:00,Orestis Orestiadas,PAO Kristoni,32,40,28,65,35,21,79,Forebet
16/11/2025,14:00,Eordaikos 2007,Evosmou,43,35,22,87,13,25,75,Forebet
16/11/2025,14:00,Pierikos FC,Ethnikos Neou,27,30,43,55,45,42,58,Forebet
16/11/2025,14:00,Kozani FC,Veria FC,25,37,38,83,17,29,71,Forebet
16/11/2025,14:00,Sarakinos,Apollon Kalamaria,25,31,44,80,20,39,61,Forebet
16/11/2025,14:00,Alexandreia,Asteras Kard.,33,39,28,73,27,51,49,Forebet
16/11/2025,14:00,Akrites Sykeon,Ermis Exochi,30,29,41,80,20,35,65,Forebet
16/11/2025,14:00,Thesprotos,AO Trikala,19,16,65,56,44,35,65,Forebet
16/11/2025,14:00,Aris Filiates,Anagennisi Artas,47,32,21,57,43,49,51,Forebet
16/11/2025,14:00,Lamia FC,A. Schimatari,48,28,25,87,13,36,64,Forebet
16/11/2025,14:00,Proodos Rogon,Nea Selefkia,31,36,33,60,40,51,49,Forebet
16/11/2025,14:00,Anthoupoli,Elassona,29,42,30,87,13,26,74,Forebet
16/11/2025,14:00,Winterthur W,Solothurn W,73,14,13,39,61,49,51,Forebet
16/11/2025,14:00,AIK W,Norrköping W,29,21,49,17,83,72,28,Forebet
16/11/2025,14:00,Hacken W,Pitea W,53,23,25,46,54,69,31,Forebet
16/11/2025,14:00,Rosengard W,Linkoping W,46,32,22,38,62,59,41,Forebet
16/11/2025,14:00,Hammarby W,Brommapojkarna W,76,14,11,31,69,49,51,Forebet
16/11/2025,14:00,Kristianstads W,Alingsås W,72,20,8,10,90,49,51,Forebet
16/11/2025,14:00,Malmö FF W,Vittsjo W,41,20,39,15,85,86,14,Forebet
16/11/2025,14:00,Växjö W,Djurgarden W,29,24,47,47,53,66,34,Forebet
16/11/2025,14:00,Amarynthiakos,Diagoras Rhodes,26,35,39,83,17,25,75,Forebet
16/11/2025,14:00,Afantou,Nea Ionia,29,31,40,90,10,34,66,Forebet
16/11/2025,14:00,Rodos FC,Asteras Kaisarianis,37,34,29,87,13,34,66,Forebet
16/11/2025,14:00,Pelopas Kiatou,Miltiadis Pyrgos,32,30,37,73,27,34,66,Forebet
16/11/2025,14:00,Loutraki,Panegialios,27,29,44,65,35,41,59,Forebet
16/11/2025,14:00,Panachaiki FC,Korinthos FC,47,41,13,50,50,54,46,Forebet
16/11/2025,14:00,Pangytheatikos,Zakynthos FC,23,25,52,72,28,31,69,Forebet
16/11/2025,14:00,Ermis Meligous,Thyella Patras,28,32,40,75,25,24,76,Forebet
16/11/2025,14:00,Giouchtas,Thyella Diastavroseos,37,28,35,54,46,49,51,Forebet
16/11/2025,14:00,Asteras Varis,PO Atsalenios,27,40,33,60,40,45,55,Forebet
16/11/2025,14:00,Saronikos Anavyssou,Ilisiakos,44,28,29,83,17,27,73,Forebet
16/11/2025,14:00,AE Mykonos,Chaidari AO,51,27,23,87,13,28,72,Forebet
16/11/2025,14:00,Ethnikos Pireus,Graniths Agias Marinas,52,27,22,77,23,30,70,Forebet
16/11/2025,14:15,CG Tarragona,Marbella,39,33,27,72,28,33,67,Forebet
16/11/2025,14:15,Eintracht Rheine,Vreden,27,31,42,32,68,68,32,Forebet
16/11/2025,14:30,SSC Giugliano,Audace Cerignola,36,28,37,43,57,58,42,Forebet
16/11/2025,14:30,Potenza SC,Trapani 1905,21,26,53,13,87,72,28,Forebet
16/11/2025,14:30,Team Altamura,Salernitana,28,36,37,80,20,33,67,Forebet
16/11/2025,14:30,AlbinoLeffe,Virtus Verona,46,26,28,60,40,43,57,Forebet
16/11/2025,14:30,Alcione,Novara,31,47,22,52,48,51,49,Forebet
16/11/2025,14:30,Livorno,Ravenna,30,26,45,70,30,39,61,Forebet
16/11/2025,14:30,AS Agareb,SC Ben Arous,29,38,33,82,18,27,73,Forebet
16/11/2025,14:30,Djelma,Kalâa Sport,30,33,36,80,20,27,73,Forebet
16/11/2025,14:30,AS Ariana,CS Korba,36,47,17,65,35,51,49,Forebet
16/11/2025,14:30,Stade Gabésien,Sporting Club de Moknine,64,20,16,35,65,63,37,Forebet
16/11/2025,14:30,US Ksour Essef,Bouchamma,39,35,26,82,18,39,61,Forebet
16/11/2025,14:30,Redeyef,EGS Gafsa,30,37,32,77,23,27,73,Forebet
16/11/2025,14:30,Jendouba Sport,EO Sidi Bouzid,42,40,17,67,33,28,72,Forebet
16/11/2025,14:30,Tesla Hamburg,Curslack-Neuengamme,42,30,28,22,78,84,16,Forebet
16/11/2025,14:30,Hiltrup,Türkspor Dortmund,34,34,32,70,30,47,53,Forebet
16/11/2025,14:30,Backnang,VfR Aalen,20,16,64,40,60,73,27,Forebet
16/11/2025,14:30,Düren Merzenich,Bornheim,36,37,27,93,7,57,43,Forebet
16/11/2025,14:30,FC Hennef 05,SpVg. Porz,30,31,39,7,93,84,16,Forebet
16/11/2025,14:30,SV Sonsbeck,Viktoria Jüchen-Garz.,32,33,35,77,23,41,59,Forebet
16/11/2025,14:30,VfB Homberg,Germania Ratingen,29,16,55,27,73,91,9,Forebet
16/11/2025,14:30,Schwarz-Weiß Essen,Blau-Weiß Dingden,29,36,35,70,30,53,47,Forebet
16/11/2025,14:30,SF Baumberg,Teutonia St. Tonis,48,27,26,41,59,78,22,Forebet
16/11/2025,14:30,Holzheimer SG,VfB 03 Hilden,31,34,35,60,40,49,51,Forebet
16/11/2025,14:30,Vado,AC Gozzano,60,22,18,38,62,63,37,Forebet
16/11/2025,14:30,Città di Varese,Sanremese,42,35,22,62,38,32,68,Forebet
16/11/2025,14:30,Club Milano,Lavagnese,27,37,36,75,25,32,68,Forebet
16/11/2025,14:30,Saluzzo,AS Biellese 1902,31,36,33,67,33,53,47,Forebet
16/11/2025,14:30,Ligorna,Valenzana,35,36,30,87,13,51,49,Forebet
16/11/2025,14:30,Derthona,NovaRomentin,40,33,27,50,50,52,48,Forebet
16/11/2025,14:30,Breno,Oltrepò,32,41,27,72,28,51,49,Forebet
16/11/2025,14:30,Leon,Varesina,32,41,26,75,25,37,63,Forebet
16/11/2025,14:30,Ciserano,Sondrio,50,32,18,42,58,38,62,Forebet
16/11/2025,14:30,Milan II,Real Calepina,36,37,27,67,33,58,42,Forebet
16/11/2025,14:30,Scanzorosciate,Castellanzese,28,30,42,63,37,39,61,Forebet
16/11/2025,14:30,AC Pavia,AC Voghera,44,37,19,30,70,57,43,Forebet
16/11/2025,14:30,Casatese,Villa d'Almè,46,32,21,35,65,68,32,Forebet
16/11/2025,14:30,Chievo,Brusaporto,29,35,37,67,33,49,51,Forebet
16/11/2025,14:30,Altavilla,Cjarlins Muzane,17,58,24,67,33,51,49,Forebet
16/11/2025,14:30,AC Este,Brian Lignano,39,34,27,60,40,47,53,Forebet
16/11/2025,14:30,AC Mestre,Clodiense,37,39,24,68,32,51,49,Forebet
16/11/2025,14:30,Portosummaga,Campodarsego,19,47,34,66,34,51,49,Forebet
16/11/2025,14:30,Conegliano,Legnago Salus,18,17,65,50,50,55,45,Forebet
16/11/2025,14:30,Obermais,Treviso FBC,26,25,49,72,28,36,64,Forebet
16/11/2025,14:30,US Adriese,Bassano Virtus,26,45,29,52,48,51,49,Forebet
16/11/2025,14:30,San Luigi,Luparense,34,42,23,57,43,51,49,Forebet
16/11/2025,14:30,Vigasio,Calvi Noale,50,24,26,49,51,54,46,Forebet
16/11/2025,14:30,Sasso Marconi,Cittadella Vis Modena,29,20,51,62,38,35,65,Forebet
16/11/2025,14:30,Desenzano Calvina,Coriano,39,33,28,60,40,41,59,Forebet
16/11/2025,14:30,Piacenza Calcio,Lentigione,34,42,24,67,33,51,49,Forebet
16/11/2025,14:30,Rovato Vertova,Crema,49,30,21,72,28,35,65,Forebet
16/11/2025,14:30,Correggese Calcio,AC Tuttocuoio,34,38,28,58,42,51,49,Forebet
16/11/2025,14:30,Palazzolo 1913,Progresso,35,39,25,82,18,25,75,Forebet
16/11/2025,14:30,Poggibonsi,Montevarchi,31,36,33,58,42,51,49,Forebet
16/11/2025,14:30,AC Prato,Ghivizzano,36,27,37,47,53,66,34,Forebet
16/11/2025,14:30,Cannara,Orvietana Calcio,27,29,44,60,40,36,64,Forebet
16/11/2025,14:30,Tau Altopascio,Camaiore Calcio,48,30,22,67,33,41,59,Forebet
16/11/2025,14:30,Terranuova Traiana,Seravezza,21,40,39,58,42,51,49,Forebet
16/11/2025,14:30,Sansepolcro Calcio,Foligno Calcio,15,19,66,58,42,40,60,Forebet
16/11/2025,14:30,Gavorrano,US Grosseto,13,21,65,61,39,41,59,Forebet
16/11/2025,14:30,Recanatese,Calcio Chieti,29,45,27,52,48,52,48,Forebet
16/11/2025,14:30,Atletico Ascoli,Giulianova,35,38,27,90,10,51,49,Forebet
16/11/2025,14:30,Castelfidardo Calcio,Unipomezia,29,33,38,83,17,30,70,Forebet
16/11/2025,14:30,Termoli Calcio,AS Sora,31,45,25,58,42,52,48,Forebet
16/11/2025,14:30,Ancona,Vigor Senigallia,39,33,27,52,48,46,54,Forebet
16/11/2025,14:30,San Nicolo Calcio,Teramo Calcio,21,37,42,67,33,49,51,Forebet
16/11/2025,14:30,Victor San Marino,ACD Maceratese,33,31,35,75,25,38,62,Forebet
16/11/2025,14:30,L'Aquila Calcio,Fossombrone,43,32,25,66,34,41,59,Forebet
16/11/2025,14:30,Ostia Mare Lidocalcio,Sammaurese,53,25,22,77,23,42,58,Forebet
16/11/2025,14:30,Trastevere Calcio,Flaminia,51,34,15,44,56,66,34,Forebet
16/11/2025,14:30,Montespaccato,Real Monterotondo Scalo,35,37,28,87,13,25,75,Forebet
16/11/2025,14:30,Scafatese,Ischia,56,27,17,3,97,49,51,Forebet
16/11/2025,14:30,Olbia Calcio,Monastir,34,37,30,70,30,50,50,Forebet
16/11/2025,14:30,USD Palmese,Valmontone,29,31,39,75,25,39,61,Forebet
16/11/2025,14:30,Budoni,Cassino,58,25,16,49,51,51,49,Forebet
16/11/2025,14:30,CynthiAlbalonga,Atletico Lodigiani,49,38,13,72,28,40,60,Forebet
16/11/2025,14:30,Anzio,Latte Dolce,25,32,42,53,47,43,57,Forebet
16/11/2025,14:30,Gravina,Manfredonia Calcio,41,40,20,52,48,44,56,Forebet
16/11/2025,14:30,Afragolese,Martina Franca,44,37,19,38,62,66,34,Forebet
16/11/2025,14:30,Nola 1925,Sarnese,54,30,16,32,68,64,36,Forebet
16/11/2025,14:30,Gelbison Cilento,ACR Messina,27,40,32,54,46,51,49,Forebet
16/11/2025,14:30,Ragusa,FC Savoia,10,18,72,27,73,62,38,Forebet
16/11/2025,14:30,Vibonese Calcio,Vigor Lamezia,33,50,18,67,33,51,49,Forebet
16/11/2025,14:30,AS Paternò Calcio,Gela Calcio,37,33,30,73,27,27,73,Forebet
16/11/2025,14:30,Reggina Calcio,AC Palermo,30,33,37,80,20,35,65,Forebet
16/11/2025,14:30,Meerssen,Gemert,10,27,63,30,70,72,28,Forebet
16/11/2025,14:30,FC Ganshoren,Verviers,16,34,50,52,48,49,51,Forebet
16/11/2025,14:30,Sporting Bruxelles,Braine,27,28,45,67,33,49,51,Forebet
16/11/2025,14:30,Raeren-Eynatten,Jette,17,54,29,77,23,51,49,Forebet
16/11/2025,14:30,Aywaille,Union La Calamine,38,30,32,23,77,64,36,Forebet
16/11/2025,14:30,Entité Manageoise,Ostiches,32,38,30,52,48,55,45,Forebet
16/11/2025,14:30,Standard Liège II,RAEC Mons,18,20,62,27,73,80,20,Forebet
16/11/2025,15:00,Portugal,Armenia,68,22,10,48,52,61,39,Forebet
16/11/2025,15:00,Hungary,Ireland,29,44,27,41,59,59,41,Forebet
16/11/2025,15:00,El Kanemi Warriors,Kwara United,28,45,26,66,34,51,49,Forebet
16/11/2025,15:00,Rudar Velenje,Tabor Sezana,18,32,51,45,55,58,42,Forebet
16/11/2025,15:00,JS Massira,Chabab Mohammédia,31,40,29,71,29,51,49,Forebet
16/11/2025,15:00,Stade Marocain,Ben Guerir,36,47,17,62,38,26,74,Forebet
16/11/2025,15:00,Riadi Salmi,Wydad Temara,20,51,29,82,18,29,71,Forebet
16/11/2025,15:00,Vitória Sernache,Juventude Lajense,38,33,29,75,25,44,56,Forebet
16/11/2025,15:00,Balikesirspor,Utas Usakspor,44,26,31,55,45,49,51,Forebet
16/11/2025,15:00,Bergama Belediyespor,Afjet Afyonspor,35,37,28,70,30,51,49,Forebet
16/11/2025,15:00,TSV Sasel,Eimsbütteler TV,22,23,55,1,99,99,1,Forebet
16/11/2025,15:00,Vorwarts-Wacker 04,Süderelbe,30,32,38,1,99,96,4,Forebet
16/11/2025,15:00,Westfalia Rhynern,SG Wattenscheid,23,34,42,32,68,84,16,Forebet
16/11/2025,15:00,TSG Sprockhövel,Rot Weiss Ahlen,48,33,19,21,79,74,26,Forebet
16/11/2025,15:00,Arminia Bielefeld II,Ennepetal,57,22,21,55,45,49,51,Forebet
16/11/2025,15:00,Erkenschwick,Arminia Bielefeld II,31,26,43,12,88,84,16,Forebet
16/11/2025,15:00,1960 Hanau,TuBa Pohlheim,35,30,34,57,43,49,51,Forebet
16/11/2025,15:00,SSV Merten,FC Wegberg-Beeck,30,32,38,40,60,73,27,Forebet
16/11/2025,15:00,Union Frintrop,Monheim,35,33,32,53,47,49,51,Forebet
16/11/2025,15:00,Hamburger SV W,Bayer Leverkusen W,28,21,51,40,60,63,37,Forebet
16/11/2025,15:00,Sestri Levante,Chisola,22,37,42,62,38,48,52,Forebet
16/11/2025,15:00,Pro Imperia,Cairese,52,25,23,43,57,43,57,Forebet
16/11/2025,15:00,Scandicci,Sporting Trestina,23,42,36,54,46,51,49,Forebet
16/11/2025,15:00,Paganese Calcio,Ferrandina,48,28,25,70,30,35,65,Forebet
16/11/2025,15:00,Real Acerrana,Fidelis Andria,22,28,50,50,50,41,59,Forebet
16/11/2025,15:00,AS Fasano,Pompei,54,25,21,72,28,32,68,Forebet
16/11/2025,15:00,Sambiase,Acireale Calcio,47,25,28,40,60,57,43,Forebet
16/11/2025,15:00,Flenu,Tilffois,38,34,28,77,23,47,53,Forebet
16/11/2025,15:00,Richelle Utd.,Binche,31,33,36,85,15,37,63,Forebet
16/11/2025,15:00,Sint-Truiden II,KVK Wellen,38,21,41,43,57,57,43,Forebet
16/11/2025,15:00,OH Leuven II W,Club Brugge II W,45,12,43,37,63,78,22,Forebet
16/11/2025,15:00,Matebele,Jwaneng Galaxy,13,31,56,57,43,42,58,Forebet
16/11/2025,15:00,Belisia Bilzen,Hoogstraten VV,28,38,34,51,49,68,32,Forebet
16/11/2025,15:00,Cercle Brugge II,Houtvenne,32,38,30,80,20,50,50,Forebet
16/11/2025,15:00,Sporting Charleroi II,Habay-la-Neuve,48,13,39,53,47,49,51,Forebet
16/11/2025,15:00,Zelzate,Thes Sport,28,38,34,90,10,51,49,Forebet
16/11/2025,15:00,Diegem Sport,KFC Merelbeke,42,31,27,55,45,48,52,Forebet
16/11/2025,15:00,Roeselare Daisel,Royal Knokke,34,35,31,90,10,51,49,Forebet
16/11/2025,15:00,Oud-Heverlee Leuven II,Sporting Hasselt,24,14,62,45,55,49,51,Forebet
16/11/2025,15:00,Midtjylland W,AGF W,23,22,55,30,70,71,29,Forebet
16/11/2025,15:00,B93 W,FC Thy - Thisted Q,29,17,54,45,55,64,36,Forebet
16/11/2025,15:00,FC Gullegem,KRC Harelbeke,21,42,36,20,80,83,17,Forebet
16/11/2025,15:00,KVK Westhoek,KM Torhout,38,35,27,9,91,83,17,Forebet
16/11/2025,15:00,Sparta Petegem,HO Kalken,30,27,43,57,43,50,50,Forebet
16/11/2025,15:15,Biemenhorst,Meerbusch,31,11,58,18,82,70,30,Forebet
16/11/2025,15:30,Shinnik Yaroslavl,Chayka FK Pesch,47,33,20,47,53,51,49,Forebet
16/11/2025,15:30,Zoman,Stella Club,47,23,30,61,39,34,66,Forebet
16/11/2025,15:30,Mesaimeer SC,Khor SC,33,36,31,45,55,74,26,Forebet
16/11/2025,15:30,Muaither SC,Kharaitiyat,22,38,40,38,62,58,42,Forebet
16/11/2025,15:30,Zuera,Almudévar,23,46,31,77,23,17,83,Forebet
16/11/2025,15:30,Rot-Weiß Walldorf,Hummetroth,34,29,36,50,50,72,28,Forebet
16/11/2025,15:30,VfL Vichttal,Teutonia Weiden,62,31,6,5,95,81,19,Forebet
16/11/2025,15:30,Fortuna Köln II,TuS BW Konigsdorf,30,42,29,40,60,70,30,Forebet
16/11/2025,15:30,Frechen,Bergisch Gladbach,16,36,48,24,76,93,7,Forebet
16/11/2025,15:30,Eintracht Hohkeppel,Sportfreunde Duren,46,28,26,75,25,50,50,Forebet
16/11/2025,15:30,Büderich,Kleve,54,28,18,30,70,73,27,Forebet
16/11/2025,15:30,Aversa Normanna,Barletta Calcio,19,47,34,80,20,25,75,Forebet
16/11/2025,15:30,Heraclea,Francavilla,38,37,25,77,23,35,65,Forebet
16/11/2025,15:30,Nissa,Sancataldese,50,32,18,51,49,45,55,Forebet
16/11/2025,15:30,Roma W,Lazio W,56,20,24,17,83,85,15,Forebet
16/11/2025,15:45,CD Lealtad,Rayo Cantabria,29,44,27,87,13,23,77,Forebet
16/11/2025,15:45,CD Tuilla,Gijón Industrial,38,36,26,58,42,33,67,Forebet
16/11/2025,15:45,Cultural Guarnizo,Montañas del Pas,43,34,24,82,18,31,69,Forebet
16/11/2025,15:45,Pesch,Siegburger SV,14,26,60,11,89,79,21,Forebet
16/11/2025,16:00,Bechem United,Samartex,27,35,38,63,37,30,70,Forebet
16/11/2025,16:00,Berekum Chelsea,Nations,42,38,21,72,28,25,75,Forebet
16/11/2025,16:00,Bibiani Gold Stars FC,Karela United,41,43,16,58,42,51,49,Forebet
16/11/2025,16:00,Dreams FC,Hohoe United,35,39,26,80,20,51,49,Forebet
16/11/2025,16:00,Eleven Wonders,Medeama SC,14,29,57,76,24,31,69,Forebet
16/11/2025,16:00,Heart of Lions,Young Apostles,45,28,27,58,42,43,57,Forebet
16/11/2025,16:00,Basake Holy Stars,Vision,44,22,35,70,30,28,72,Forebet
16/11/2025,16:00,Enyimba,Wikki Tourists,39,41,20,60,40,51,49,Forebet
16/11/2025,16:00,Bayelsa United,Abia Warriors,30,18,53,44,56,40,60,Forebet
16/11/2025,16:00,Rivers United,Warri Wolves,41,39,19,63,37,30,70,Forebet
16/11/2025,16:00,Ikorodu City,Plateau United,59,16,25,52,48,41,59,Forebet
16/11/2025,16:00,Kun Khalifa,Nasarawa Utd,32,28,40,85,15,28,72,Forebet
16/11/2025,16:00,Shooting Stars SC,Remo Stars,47,29,24,53,47,41,59,Forebet
16/11/2025,16:00,Niger Tornadoes,Katsina United,39,36,26,58,42,40,60,Forebet
16/11/2025,16:00,Puente Genil,Extremadura 1924,28,37,35,90,10,30,70,Forebet
16/11/2025,16:00,Deportiva Minera,CD Águilas,26,36,38,63,37,44,56,Forebet
16/11/2025,16:00,Recreativo Huelva,UCAM Murcia,28,37,35,63,37,51,49,Forebet
16/11/2025,16:00,UD Melilla,Xerez Deportivo,50,39,11,63,37,38,62,Forebet
16/11/2025,16:00,Linares Deportivo,Atlético Malagueño,55,28,17,44,56,44,56,Forebet
16/11/2025,16:00,UD Almeria B,Yeclano Deportivo,22,23,55,60,40,29,71,Forebet
16/11/2025,16:00,Xerez CD,Lorca Deportiva,42,26,32,47,53,52,48,Forebet
16/11/2025,16:00,Union Estepona,Atlético Antoniano,29,28,42,48,52,51,49,Forebet
16/11/2025,16:00,Unia Skierniewice,KKS Kalisz,44,28,27,60,40,49,51,Forebet
16/11/2025,16:00,Vilaverdense FC,Celoricense,34,34,32,78,22,38,62,Forebet
16/11/2025,16:00,Oliveira do Hospital,GD Peniche,47,24,29,65,35,48,52,Forebet
16/11/2025,16:00,CD Ribeira Brava,AD Os Limianos,17,31,52,55,45,42,58,Forebet
16/11/2025,16:00,AD Carmelita,Santa Ana,20,41,39,54,46,50,50,Forebet
16/11/2025,16:00,Cariari Pococí,Aserrí,41,35,24,41,59,68,32,Forebet
16/11/2025,16:00,Pitbulls,Consultants Moravia,18,46,37,53,47,54,46,Forebet
16/11/2025,16:00,Grecia,AD Sarchí,29,36,35,58,42,53,47,Forebet
16/11/2025,16:00,AD Cofutpa,Quepos Cambute,28,34,38,57,43,48,52,Forebet
16/11/2025,16:00,ADR Jicaral,Deportivo Upala,61,25,13,64,36,45,55,Forebet
16/11/2025,16:00,Turrialba,Santa Cruz FC,41,28,30,93,7,14,86,Forebet
16/11/2025,16:00,Gomido FC,Tambo,47,32,20,56,44,37,63,Forebet
16/11/2025,16:00,AC Semassi,AS OTR,45,20,35,53,47,31,69,Forebet
16/11/2025,16:00,Togo Port,Espoir,27,29,44,64,36,32,68,Forebet
16/11/2025,16:00,Gbohloe-Su,ASKO de Kara,24,32,44,60,40,34,66,Forebet
16/11/2025,16:00,ASC Kara,Unisport de Sokodé,52,29,19,57,43,46,54,Forebet
16/11/2025,16:00,Etoile Filante,Binah,41,33,26,64,36,30,70,Forebet
16/11/2025,16:00,Deportivo Alavés III,SD Leioa,16,43,42,60,40,58,42,Forebet
16/11/2025,16:00,CF San Ignacio,SCD Durango,34,47,19,50,50,51,49,Forebet
16/11/2025,16:00,Recambios Colón,UD Alzira,25,41,34,61,39,26,74,Forebet
16/11/2025,16:00,CD Cardassar,CE Mercadal,30,34,36,80,20,36,64,Forebet
16/11/2025,16:00,CD Pradejón,SD Oyonesa,19,35,46,50,50,58,42,Forebet
16/11/2025,16:00,CD Calahorra,CD Varea,33,26,41,34,66,77,23,Forebet
16/11/2025,16:00,La Almunia,Atlético Monzón,22,32,46,47,53,61,39,Forebet
16/11/2025,16:00,CF Épila,CDJ Tamarite,26,42,32,62,38,51,49,Forebet
16/11/2025,16:00,Belchite 97,Utrillas,30,47,23,52,48,51,49,Forebet
16/11/2025,16:00,Ourense CF,Guadalajara (ESP),33,36,31,73,27,35,65,Forebet
16/11/2025,16:00,Inter Türkspor Kiel,Union Neumünster,32,22,46,43,57,72,28,Forebet
16/11/2025,16:00,Verl II,Finnentrop / Bamenohl,31,51,18,62,38,39,61,Forebet
16/11/2025,16:00,Hertha Wiesbach,Karbach,38,20,42,25,75,89,11,Forebet
16/11/2025,16:00,RB Leipzig W,Werder Bremen W,30,23,47,32,68,43,57,Forebet
16/11/2025,16:00,AC Nardo,Virtus Francavilla,34,38,28,57,43,54,46,Forebet
16/11/2025,16:00,Sevilla W,Logroño W,35,42,23,52,48,51,49,Forebet
16/11/2025,16:15,UD Almería,Cadiz,26,52,22,65,35,43,57,Forebet
16/11/2025,16:15,Sporting Gijón,Eibar,45,36,19,56,44,45,55,Forebet
16/11/2025,16:15,Selaya FC,Castro FC,39,40,21,60,40,54,46,Forebet
16/11/2025,16:15,Castellonense,Crevillente,57,32,10,20,80,78,22,Forebet
16/11/2025,16:15,Atlético Tordesillas,Arandina CF,51,26,23,63,37,38,62,Forebet
16/11/2025,16:30,Asante Kotoko,Aduana Stars,30,32,38,55,45,42,58,Forebet
16/11/2025,16:30,Olympique Sport d'Abobo,ISCA,46,23,32,67,33,31,69,Forebet
16/11/2025,16:30,UD Mutilvera,Deportivo Aragón,30,28,42,45,55,50,50,Forebet
16/11/2025,16:30,Vitesse FC (BFA),ASF Bobo,17,52,31,52,48,51,49,Forebet
16/11/2025,16:30,Jazira Abu Dhabi,Wasl Dubai,37,39,24,44,56,59,41,Forebet
16/11/2025,16:30,Quintanar del Rey,UB Conquense,19,53,27,80,20,51,49,Forebet
16/11/2025,16:30,Juventud Cambados,CF Alondras,32,38,30,80,20,51,49,Forebet
16/11/2025,16:30,Bollullos,Linense,33,35,31,82,18,57,43,Forebet
16/11/2025,16:30,Caravaca CF,CA Pulpileño,14,39,48,66,34,33,67,Forebet
16/11/2025,16:30,Jaraíz,Moralo CP,44,29,26,37,63,72,28,Forebet
16/11/2025,16:30,Montehermoso,Montijo,32,28,41,67,33,35,65,Forebet
16/11/2025,16:30,UDC Chantrea,CA Cirbonero,42,38,20,56,44,49,51,Forebet
16/11/2025,16:30,Caspe,Huesca II,29,45,25,54,46,58,42,Forebet
16/11/2025,16:30,CF La Solana,Albacete B,27,39,35,56,44,51,49,Forebet
16/11/2025,16:30,Sonseca,CD Tarancón,25,32,43,80,20,33,67,Forebet
16/11/2025,16:30,Eldense,Hércules CF,36,40,23,54,46,51,49,Forebet
16/11/2025,16:30,Rail Club Kadiogo,Etoile Filante,27,40,33,55,45,29,71,Forebet
16/11/2025,16:45,CD Boiro,UD Barbadás,46,34,20,51,49,37,63,Forebet
16/11/2025,16:45,Céltiga FC,Polvorín FC,36,35,29,52,48,49,51,Forebet
16/11/2025,16:45,Unión Molinense,Mazarrón CF,28,39,32,77,23,51,49,Forebet
16/11/2025,16:45,Muleño CF,FC Cartagena B,23,41,36,54,46,51,49,Forebet
16/11/2025,16:45,Utrecht W,AZ W,21,37,42,56,44,49,51,Forebet
16/11/2025,16:45,SC Heerenveen W,PEC Zwolle W,17,27,57,52,48,49,51,Forebet
16/11/2025,16:45,NAC Breda W,SBV Excelsior W,35,28,37,60,40,32,68,Forebet
16/11/2025,17:00,Gimnástica Seg.,Union Langreo,62,32,6,75,25,30,70,Forebet
16/11/2025,17:00,Sarriana,Burgos Promesas,37,38,25,72,28,51,49,Forebet
16/11/2025,17:00,Salamanca CF,Real Ávila,39,34,27,58,42,43,57,Forebet
16/11/2025,17:00,CD Numancia,Coruxo FC,63,21,16,47,53,49,51,Forebet
16/11/2025,17:00,Real Unión,SD Logroñés,27,42,32,65,35,31,69,Forebet
16/11/2025,17:00,Náxara CD,CD Alfaro,56,27,16,49,51,51,49,Forebet
16/11/2025,17:00,CD Tudelano,Gernika Club,29,38,33,52,48,57,43,Forebet
16/11/2025,17:00,UD Logrones,Eibar II,34,38,28,55,45,54,46,Forebet
16/11/2025,17:00,UE Olot,CD Alcoyano,29,53,17,67,33,51,49,Forebet
16/11/2025,17:00,RCD Espanyol B,Barcelona B,28,37,35,59,41,63,37,Forebet
16/11/2025,17:00,Milo,CI Kamsar,33,37,31,73,27,59,41,Forebet
16/11/2025,17:00,Al Aqaba SC,Kfarsoum,41,42,17,56,44,51,49,Forebet
16/11/2025,17:00,Metalurh Zaporizhzhia,Rebel,26,28,46,92,8,19,81,Forebet
16/11/2025,17:00,Atlet,FK Uzhhorod,38,20,41,32,68,64,36,Forebet
16/11/2025,17:00,Elche Ilicitano,RSD Alcala,27,33,40,57,43,36,64,Forebet
16/11/2025,17:00,CD Estradense,Atlético Arteixo,40,37,23,58,42,42,58,Forebet
16/11/2025,17:00,CD Barco,Racing Villalbés,20,41,39,54,46,51,49,Forebet
16/11/2025,17:00,UD Somozas,Arosa SC,31,41,27,58,42,62,38,Forebet
16/11/2025,17:00,Caudal Deportivo,EI San Martín,39,38,23,50,50,60,40,Forebet
16/11/2025,17:00,Atlético Albericia,SD Torina,37,36,27,64,36,46,54,Forebet
16/11/2025,17:00,Colindres,CD Cayón,7,20,73,50,50,45,55,Forebet
16/11/2025,17:00,CD Lagun Onak,CD Santurtzi,51,28,21,37,63,68,32,Forebet
16/11/2025,17:00,CF Badalona,Lleida Esportiu,56,30,14,55,45,37,63,Forebet
16/11/2025,17:00,Atlético Saguntino,Villarreal C,25,41,34,37,63,77,23,Forebet
16/11/2025,17:00,CD Galapagar,A Madrid III,31,35,34,65,35,56,44,Forebet
16/11/2025,17:00,CDF Tres Cantos,Alcobendas Sport,35,37,28,51,49,51,49,Forebet
16/11/2025,17:00,Villaverde San Andrés,Villanueva Pardillo,58,18,24,67,33,35,65,Forebet
16/11/2025,17:00,Racing Madrid City,Trival Valderas,32,35,33,77,23,51,49,Forebet
16/11/2025,17:00,SS Reyes II,AD Torrejón CF,32,37,30,80,20,51,49,Forebet
16/11/2025,17:00,Marbellí,Mijas Las Lagunas,37,28,36,55,45,42,58,Forebet
16/11/2025,17:00,Atlético Central Córdoba,Coria CF,64,16,19,32,68,58,42,Forebet
16/11/2025,17:00,CD Son Cladera,CE Santanyí,33,30,37,49,51,57,43,Forebet
16/11/2025,17:00,Alcúdia,UD Collerense,51,34,15,47,53,50,50,Forebet
16/11/2025,17:00,CD Cieza,SFC Minerva,42,36,21,47,53,57,43,Forebet
16/11/2025,17:00,Olímpico de Totana,Real Murcia Imperial,31,32,37,46,54,66,34,Forebet
16/11/2025,17:00,Bala Azul,Yeclano II,31,45,24,100,0,13,87,Forebet
16/11/2025,17:00,Balsicas Atlético,EG El Palmar,32,35,33,58,42,55,45,Forebet
16/11/2025,17:00,Puebla Calzada,Diocesano,41,36,23,45,55,57,43,Forebet
16/11/2025,17:00,Gévora,CD Don Benito,26,36,38,57,43,49,51,Forebet
16/11/2025,17:00,CA Vianés,San Marcial,27,38,35,70,30,51,49,Forebet
16/11/2025,17:00,Haro Deportivo,CD Berceo,44,27,30,52,48,49,51,Forebet
16/11/2025,17:00,Villarrubia,CD Pedroñeras,55,33,12,37,63,59,41,Forebet
16/11/2025,17:00,Huracán de Balazote,CD Illescas,21,25,54,57,43,41,59,Forebet
16/11/2025,17:00,Gonsenheim,Auersmacher,51,33,17,21,79,74,26,Forebet
16/11/2025,17:00,Atletico Granadilla W,Granada W,26,40,33,52,48,58,42,Forebet
16/11/2025,17:15,Mighty Blackpool,Bai Bureh Warriors,24,50,26,58,42,51,49,Forebet
16/11/2025,17:15,East End Lions FC,Bhantal,47,30,22,65,35,38,62,Forebet
16/11/2025,17:15,Lamboi,Bo Rangers,13,25,61,52,48,41,59,Forebet
16/11/2025,17:15,Kamboi Eagles,FC Kallon,9,26,64,59,41,41,59,Forebet
16/11/2025,17:30,Casertana,Atalanta II,34,32,35,63,37,47,53,Forebet
16/11/2025,17:30,Calcio Lecco,Aurora Pro Patria,45,28,26,54,46,42,58,Forebet
16/11/2025,17:30,Vicenza Calcio,AC Renate,44,29,27,56,44,47,53,Forebet
16/11/2025,17:30,Pontedera,Pianese,33,35,32,58,42,51,49,Forebet
16/11/2025,17:30,Al Sadd SC,Ahli Doha,47,29,24,37,63,57,43,Forebet
16/11/2025,17:30,Umm Salal SC,Al Wakra,34,30,36,33,67,61,39,Forebet
16/11/2025,17:30,Club Siero,SD Lenense,42,41,17,42,58,59,41,Forebet
16/11/2025,17:30,Ontinyent 1931,La Nucía,24,63,13,62,38,51,49,Forebet
16/11/2025,17:30,Atlético Porcuna,Granada CF B,32,35,33,64,36,53,47,Forebet
16/11/2025,17:30,Ciudad de Lucena,Atlético Onubense,49,31,19,37,63,72,28,Forebet
16/11/2025,17:45,FC Twente W,Feyenoord W,39,24,37,34,66,90,10,Forebet
16/11/2025,18:00,Azerbaijan,France,10,19,71,47,53,46,54,Forebet
16/11/2025,18:00,Ukraine,Iceland,33,42,25,45,55,55,45,Forebet
16/11/2025,18:00,Albania,England,17,27,56,46,54,39,61,Forebet
16/11/2025,18:00,Serbia,Latvia,57,24,19,64,36,47,53,Forebet
16/11/2025,18:00,Aurora,Club Xelajú MC,36,52,12,47,53,65,35,Forebet
16/11/2025,18:00,Mouloudia Oujda,Chabab Khénifra,36,38,26,67,33,51,49,Forebet
16/11/2025,18:00,Terrassa FC,UE Sant Andreu,31,27,43,48,52,61,39,Forebet
16/11/2025,18:00,Guédiawaye FC,ASC Linguère,27,45,29,68,32,30,70,Forebet
16/11/2025,18:00,Celik Zenica,GOSK Gabela,47,29,24,39,61,68,32,Forebet
16/11/2025,18:00,Caja Oblatos CFD,Artesanos Metepec,7,10,83,54,46,47,53,Forebet
16/11/2025,18:00,SD Compostela,CF Noia,82,13,5,29,71,49,51,Forebet
16/11/2025,18:00,SD Laredo,SD Noja,40,31,28,85,15,25,75,Forebet
16/11/2025,18:00,Palencia Cristo Atl.,CF Palencia,32,38,30,48,52,68,32,Forebet
16/11/2025,18:00,Motril CF,UD San Pedro (ESP),59,16,25,50,50,49,51,Forebet
16/11/2025,18:00,Juventus W,Genoa W,41,29,30,75,25,42,58,Forebet
16/11/2025,18:00,Township Rollers,BDF XI,40,34,25,52,48,42,58,Forebet
16/11/2025,18:15,CD Mosconia,Aviles Stadium CF,46,41,13,37,63,49,51,Forebet
16/11/2025,18:15,SD Deusto,SD Zamudio,39,30,31,48,52,51,49,Forebet
16/11/2025,18:30,Córdoba,Deportivo La Coruña,26,40,33,59,41,62,38,Forebet
16/11/2025,18:30,Mirandés,Burgos CF,21,23,56,44,56,57,43,Forebet
16/11/2025,18:30,Dakar Sacré-Cœur,US Gorée,27,45,28,68,32,51,49,Forebet
16/11/2025,18:30,Camberene,ASC HLM,25,45,30,85,15,11,89,Forebet
16/11/2025,18:30,Casa Sport,US Ouakam,33,45,22,70,30,26,74,Forebet
16/11/2025,18:30,Talavera CF,Unionistas CF,34,35,31,59,41,50,50,Forebet
16/11/2025,18:30,Athletic Bilbao B,CD Arenteiro,49,27,25,67,33,28,72,Forebet
16/11/2025,18:30,Eibar W,Espanyol W,31,34,35,62,38,28,72,Forebet
16/11/2025,18:45,Racing Ferrol,Zamora CF,48,32,19,43,57,59,41,Forebet
16/11/2025,19:00,Stade Abidjan,Tchologo,24,33,43,75,25,35,65,Forebet
16/11/2025,19:00,AS Pikine,Wally Daan,32,50,17,75,25,51,49,Forebet
16/11/2025,19:00,Stade Mbour,Sonacos,31,46,22,72,28,15,85,Forebet
16/11/2025,19:00,Teungueth FC,AS Génération Foot,38,40,22,57,43,35,65,Forebet
16/11/2025,19:00,ASC Jaraaf,AJEL,28,46,26,67,33,51,49,Forebet
16/11/2025,19:00,UCV Moquegua,Cesar Vallejo,52,28,20,57,43,43,57,Forebet
16/11/2025,19:00,Volta Redonda U20,Bangu U20,33,38,29,75,25,51,49,Forebet
16/11/2025,19:30,Resovia,Warta Poznan,30,32,38,55,45,49,51,Forebet
16/11/2025,20:00,Nigeria,DR Congo,28,46,26,59,41,57,43,Forebet
16/11/2025,20:00,Brasil de Pelotas,Juventude II,59,23,18,43,57,18,82,Forebet
16/11/2025,20:00,Esportivo RS,Aimoré RS,24,29,47,62,38,39,61,Forebet
16/11/2025,20:30,Criciúma,Botafogo SP,43,32,25,57,43,40,60,Forebet
16/11/2025,20:30,América Mineiro,Cuiabá,38,40,22,47,53,60,40,Forebet
16/11/2025,20:30,Ferroviária SP,Atlético PR,14,44,43,67,33,52,48,Forebet
16/11/2025,20:30,Goiás,Novorizontino SP,25,46,29,61,39,51,49,Forebet
16/11/2025,20:45,Israel,Moldova,53,30,17,15,85,57,43,Forebet
16/11/2025,20:45,Italy,Norway,43,29,28,42,58,34,66,Forebet
16/11/2025,21:00,Instituto Córdoba,Talleres Córdoba,28,37,36,54,46,51,49,Forebet
16/11/2025,21:00,Vélez Sársfield,River Plate,36,34,29,57,43,44,56,Forebet
16/11/2025,21:00,Real Zaragoza,Huesca,35,40,25,60,40,51,49,Forebet
16/11/2025,21:00,Sport Boys,Alianza Atlético,31,35,34,58,42,51,49,Forebet
16/11/2025,21:00,Deportivo Laferrere,UAI Urquiza,40,33,27,38,62,51,49,Forebet
16/11/2025,21:00,Argentino Merlo,Brown de Adrogué,49,39,12,70,30,38,62,Forebet
16/11/2025,21:00,Argentino Quilmes,CA Acassuso,22,46,32,57,43,52,48,Forebet
16/11/2025,21:00,San Martín Burzaco,Deportivo Merlo,54,27,19,62,38,35,65,Forebet
16/11/2025,21:00,Club Olimpo,CA Douglas Haig,35,31,34,54,46,40,60,Forebet
16/11/2025,21:00,San Martín Formosa,SCyB Atenas,52,17,31,68,32,39,61,Forebet
16/11/2025,21:00,CE Europa,FC Cartagena,31,41,28,80,20,51,49,Forebet
16/11/2025,21:15,Deportivo Madryn,Deportivo Morón,25,41,34,90,10,29,71,Forebet
16/11/2025,21:30,Molynes United,Arnett Gardens,22,26,53,60,40,41,59,Forebet
16/11/2025,21:30,Racing United,Harbour View,51,30,19,57,43,49,51,Forebet
16/11/2025,21:30,Chapelton,Cavalier FC,24,22,54,50,50,58,42,Forebet
16/11/2025,21:30,Mount Pleasant,Spanish Town Police,45,34,22,78,22,36,64,Forebet
16/11/2025,21:30,Montego Bay Utd,Waterhouse FC,39,40,21,48,52,69,31,Forebet
16/11/2025,21:30,Dunbeholden FC,Tivoli Gardens,23,40,38,68,32,51,49,Forebet
16/11/2025,21:30,Treasure Beach,Portmore United,11,29,61,40,60,63,37,Forebet
16/11/2025,21:30,SV Broki,Inter Moengotapoe,12,45,43,28,72,71,29,Forebet
16/11/2025,22:00,Liverpool (URU),Peñarol,26,30,44,48,52,63,37,Forebet
16/11/2025,22:00,Deportivo Achuapa,Deportivo Mictlán,47,37,16,63,37,34,66,Forebet
16/11/2025,22:00,Zacatecoluca,Inter F.A,25,59,15,62,38,51,49,Forebet
16/11/2025,22:00,CD FAS,Platense (SLV),44,35,21,62,38,49,51,Forebet
16/11/2025,22:00,CD Águila,Luís Ángel Firpo,21,27,52,33,67,74,26,Forebet
16/11/2025,22:00,Hercules,Isidro Metapán,20,28,52,27,73,64,36,Forebet
16/11/2025,22:00,Fuerte San Francisco,Alianza FC,18,29,53,62,38,41,59,Forebet
16/11/2025,22:00,Municipal Limeño,Cacahuatique,33,26,41,67,33,40,60,Forebet
16/11/2025,22:00,Escorpiones Belén,Limón FC,65,21,15,43,57,47,53,Forebet
16/11/2025,22:00,2 de Mayo,General Caballero JLM,45,32,23,65,35,44,56,Forebet
16/11/2025,22:30,Inter Willemstad,Jong Holland,34,35,32,65,35,51,49,Forebet
16/11/2025,23:00,RB Bragantino,Atlético Mineiro,24,43,33,52,48,56,44,Forebet
16/11/2025,23:00,América de Cali,Atlético Nacional,27,36,37,53,47,48,52,Forebet
16/11/2025,23:00,One Knoxville,Spokane Velocity,31,53,16,54,46,58,42,Forebet
16/11/2025,23:30,Corinthians W,AERP W,90,6,4,1,99,49,51,Forebet
16/11/2025,23:30,São Paulo W,Ferroviária W,28,31,41,47,53,66,34,Forebet
16/11/2025,23:30,RB Bragantino W,Santos W,34,35,31,52,48,55,45,Forebet
